{"cameraMode":{"drawMode":0,"name":"Shaded","section":"Shading Mode"},"sceneLighting":true,"audioPlay":false,"sceneViewState":{"showFog":true,"showMaterialUpdate":false,"showSkybox":true,"showFlares":true,"showImageEffects":true,"showParticleSystems":true},"in2DMode":false,"pivot":{"x":9.995183944702149,"y":27.953224182128908,"z":176.42124938964845},"rotation":{"x":0.2994513511657715,"y":-0.3060532212257385,"z":0.10206788033246994,"w":0.8979122042655945},"size":237.90310668945313,"orthographic":true}