{"cameraMode":{"drawMode":0,"name":"Shaded","section":"Shading Mode"},"sceneLighting":true,"audioPlay":false,"sceneViewState":{"showFog":true,"showMaterialUpdate":false,"showSkybox":true,"showFlares":true,"showImageEffects":true,"showParticleSystems":true},"in2DMode":false,"pivot":{"x":98.45035552978516,"y":48.60969543457031,"z":107.51422882080078},"rotation":{"x":0.6003286242485046,"y":-0.028774375095963479,"z":0.021621176972985269,"w":0.7989442348480225},"size":220.98753356933595,"orthographic":false}