{"cameraMode":{"drawMode":0,"name":"Shaded","section":"Shading Mode"},"sceneLighting":true,"audioPlay":false,"sceneViewState":{"showFog":true,"showMaterialUpdate":false,"showSkybox":true,"showFlares":true,"showImageEffects":true,"showParticleSystems":true},"in2DMode":false,"pivot":{"x":6.676260948181152,"y":-3.485147476196289,"z":3.999574899673462},"rotation":{"x":0.6090769171714783,"y":-0.0023793030995875599,"z":0.0018273470923304558,"w":0.7931076884269714},"size":21.969079971313478,"orthographic":false}