{"cameraMode":{"drawMode":0,"name":"Shaded","section":"Shading Mode"},"sceneLighting":true,"audioPlay":false,"sceneViewState":{"showFog":true,"showMaterialUpdate":false,"showSkybox":true,"showFlares":true,"showImageEffects":true,"showParticleSystems":true},"in2DMode":false,"pivot":{"x":24.086620330810548,"y":-6.780799865722656,"z":24.385034561157228},"rotation":{"x":0.6090769171714783,"y":-0.0023793030995875599,"z":0.0018273470923304558,"w":0.7931076884269714},"size":84.91770935058594,"orthographic":true}